{
  "HomePage" : {
    "transaction" : "HomePage",
    "sampleCount" : 90,
    "errorCount" : 2,
    "errorPct" : 2.2222223,
    "meanResTime" : 2852.011111111112,
    "medianResTime" : 1246.0,
    "minResTime" : 437.0,
    "maxResTime" : 13174.0,
    "pct1ResTime" : 7007.200000000001,
    "pct2ResTime" : 7756.9000000000015,
    "pct3ResTime" : 13174.0,
    "throughput" : 6.110809342748506,
    "receivedKBytesPerSec" : 13.572149986420424,
    "sentKBytesPerSec" : 2.6490782862574687
  },
  "Debug Sampler" : {
    "transaction" : "Debug Sampler",
    "sampleCount" : 150,
    "errorCount" : 0,
    "errorPct" : 0.0,
    "meanResTime" : 0.09999999999999999,
    "medianResTime" : 0.0,
    "minResTime" : 0.0,
    "maxResTime" : 1.0,
    "pct1ResTime" : 0.9000000000000057,
    "pct2ResTime" : 1.0,
    "pct3ResTime" : 1.0,
    "throughput" : 12.053033346725591,
    "receivedKBytesPerSec" : 7.38789737344315,
    "sentKBytesPerSec" : 0.0
  },
  "PurchaseTicket" : {
    "transaction" : "PurchaseTicket",
    "sampleCount" : 90,
    "errorCount" : 0,
    "errorPct" : 0.0,
    "meanResTime" : 1701.9777777777783,
    "medianResTime" : 1319.5,
    "minResTime" : 584.0,
    "maxResTime" : 6713.0,
    "pct1ResTime" : 3351.5,
    "pct2ResTime" : 3804.3500000000004,
    "pct3ResTime" : 6713.0,
    "throughput" : 5.117125312713214,
    "receivedKBytesPerSec" : 12.82884859350125,
    "sentKBytesPerSec" : 3.443065762167387
  },
  "Total" : {
    "transaction" : "Total",
    "sampleCount" : 570,
    "errorCount" : 2,
    "errorPct" : 0.3508772,
    "meanResTime" : 1896.0403508771944,
    "medianResTime" : 1266.5,
    "minResTime" : 0.0,
    "maxResTime" : 13174.0,
    "pct1ResTime" : 4707.999999999999,
    "pct2ResTime" : 6716.15,
    "pct3ResTime" : 9642.499999999969,
    "throughput" : 12.085488932236451,
    "receivedKBytesPerSec" : 22.814652562070645,
    "sentKBytesPerSec" : 5.8512583750318035
  },
  "ReserveFlight" : {
    "transaction" : "ReserveFlight",
    "sampleCount" : 90,
    "errorCount" : 0,
    "errorPct" : 0.0,
    "meanResTime" : 2216.644444444445,
    "medianResTime" : 1389.5,
    "minResTime" : 589.0,
    "maxResTime" : 7312.0,
    "pct1ResTime" : 4493.300000000002,
    "pct2ResTime" : 6210.500000000002,
    "pct3ResTime" : 7312.0,
    "throughput" : 5.18821698276359,
    "receivedKBytesPerSec" : 12.085347970830691,
    "sentKBytesPerSec" : 3.2426356142272437
  },
  "ConfirmFlight" : {
    "transaction" : "ConfirmFlight",
    "sampleCount" : 150,
    "errorCount" : 0,
    "errorPct" : 0.0,
    "meanResTime" : 3142.473333333333,
    "medianResTime" : 2247.5,
    "minResTime" : 528.0,
    "maxResTime" : 10402.0,
    "pct1ResTime" : 5877.600000000001,
    "pct2ResTime" : 7725.649999999999,
    "pct3ResTime" : 10343.86,
    "throughput" : 10.997873744409414,
    "receivedKBytesPerSec" : 25.582443383862454,
    "sentKBytesPerSec" : 8.809039106606056
  }
}